{"cameraMode":{"drawMode":0,"name":"Shaded","section":"Shading Mode"},"sceneLighting":true,"audioPlay":false,"sceneViewState":{"showFog":true,"showMaterialUpdate":false,"showSkybox":true,"showFlares":true,"showImageEffects":true,"showParticleSystems":true},"in2DMode":false,"pivot":{"x":-4.980058193206787,"y":-0.5566511154174805,"z":-1.5077552795410157},"rotation":{"x":0.12841105461120606,"y":-0.05946577340364456,"z":0.007713832892477512,"w":0.9899068474769592},"size":8.19999885559082,"orthographic":false}